ProductID,ProductName,ProductCategory,LaunchDate,Price,IsActive,Description
1,Behavior Item,Toys,2016-01-09,367.27,TRUE,Past report almost interest size stuff offer.
2,Machine Tool,Books,2015-11-06,142.27,TRUE,Maintain tree more suffer authority approach newspaper term suggest which.
3,Trade Thing,Beauty,2018-11-09,386.47,TRUE,Interview couple main natural thus.
4,Lay Item,Beauty,2018-12-21,25.73,TRUE,Bill nearly process cultural sport decide some.
5,Increase Tool,Home Appliances,2019-04-27,42.43,TRUE,Above buy return your enter federal thing require.
6,Wind Item,Sports,2018-01-05,254.62,TRUE,Weight opportunity conference stock work perform full hold us.
7,With Item,Home Appliances,2017-05-31,78.42,TRUE,Seat professor up note when.
8,Again Tool,Toys,2016-03-24,205.71,TRUE,Space reality suffer group town sing hour.
9,Home Item,Toys,2017-09-17,251.82,TRUE,Level together region occur shake interesting chair long carry.
10,Political Gadget,Clothing,2016-03-07,317.45,TRUE,All give side lose seek.
11,Money Gadget,Books,2018-02-07,196.99,TRUE,Summer difference process thank market anyone fall like day others.
12,Order Thing,Toys,2015-12-13,431.78,TRUE,Parent try contain run vote son official.
13,May Gadget,Sports,2019-06-15,443.55,TRUE,Scientist nature difficult often include win respond per.
14,Check Thing,Electronics,2016-10-28,153.82,TRUE,Pass civil among shoulder anyone boy base probably sing.
15,Will Tool,Electronics,2015-08-31,477.37,TRUE,Ready surface chair fish can move so everyone.
16,Team Item,Toys,2018-05-20,457.19,TRUE,World kind speak grow response agreement.
17,Chair Item,Clothing,2016-03-23,193.22,TRUE,Run goal large put another health hospital final appear third authority.
18,Fine Gadget,Toys,2018-02-11,168.84,TRUE,Term pretty person rock parent act his across laugh.
19,Program Gadget,Home Appliances,2018-09-11,440.57,TRUE,Way available imagine wind quite data so type.
20,Station Item,Electronics,2016-12-02,128.03,TRUE,Certainly author wife six number Mr away business.
21,Far Gadget,Sports,2017-06-16,248.14,TRUE,Beyond report specific its few goal already.
22,Process Item,Clothing,2015-10-28,333.28,TRUE,Within military score them trouble miss north agreement visit.
23,Remain Thing,Toys,2016-08-23,437.49,TRUE,Huge smile worry site during around organization father writer.
24,Mrs Item,Toys,2015-10-04,380.08,TRUE,Which half tough everyone.
25,Rather Thing,Books,2018-10-28,497.62,TRUE,Pass choice contain issue executive region.
26,Finally Tool,Toys,2016-09-29,231.23,TRUE,Instead suddenly development discuss act seem recently number room ready.
27,Position Item,Electronics,2017-04-15,175.66,TRUE,Sometimes along many benefit he black nation important.
28,Study Item,Electronics,2015-11-14,44.79,TRUE,Situation movement fine born model.
29,Community Item,Electronics,2018-09-12,453.66,TRUE,Forget deep accept small near decade usually article operation.
30,Population Gadget,Toys,2016-10-26,126.62,TRUE,Describe three discussion call physical whole deal.
31,Almost Item,Toys,2018-04-01,74.83,TRUE,Protect anything it kid office well.
32,East Item,Beauty,2016-05-22,241.76,TRUE,Me of forward push six remember.
33,Almost Item,Electronics,2017-09-30,57.5,TRUE,Look energy water another five season.
34,Take Thing,Books,2017-07-30,211.44,TRUE,Go staff magazine by can occur college appear.
35,Staff Gadget,Electronics,2016-05-12,207.28,TRUE,Simple activity term be involve claim relationship spend account determine.
36,Blood Gadget,Clothing,2017-02-12,103.88,TRUE,Information power every hold within relate push catch low wrong.
37,Remember Item,Books,2016-05-20,99.91,TRUE,Coach subject into away current.
38,Really Item,Beauty,2019-03-01,462.4,FALSE,Thousand plan cultural research arrive human tax.
39,Impact Gadget,Electronics,2016-07-25,329.55,FALSE,Capital skin east person force trouble choice hope.
